<annotation>
	<folder>train</folder>
	<filename>COR-183.JPG</filename>
	<path>C:\tensorflow1\models\research\object_detection\images\train\COR-183.JPG</path>
	<source>
		<database>Unknown</database>
	</source>
	<size>
		<width>576</width>
		<height>324</height>
		<depth>3</depth>
	</size>
	<segmented>0</segmented>
	<object>
		<name>mercimek</name>
		<pose>Unspecified</pose>
		<truncated>0</truncated>
		<difficult>0</difficult>
		<bndbox>
			<xmin>163</xmin>
			<ymin>91</ymin>
			<xmax>338</xmax>
			<ymax>266</ymax>
		</bndbox>
	</object>
</annotation>
