<annotation>
	<folder>train</folder>
	<filename>COR-035.JPG</filename>
	<path>C:\tensorflow1\models\research\object_detection\images\train\COR-035.JPG</path>
	<source>
		<database>Unknown</database>
	</source>
	<size>
		<width>576</width>
		<height>324</height>
		<depth>3</depth>
	</size>
	<segmented>0</segmented>
	<object>
		<name>ezogelin</name>
		<pose>Unspecified</pose>
		<truncated>0</truncated>
		<difficult>0</difficult>
		<bndbox>
			<xmin>218</xmin>
			<ymin>82</ymin>
			<xmax>406</xmax>
			<ymax>270</ymax>
		</bndbox>
	</object>
</annotation>
