<annotation>
	<folder>train</folder>
	<filename>ICECEK-137.JPG</filename>
	<path>C:\tensorflow1\models\research\object_detection\images\train\ICECEK-137.JPG</path>
	<source>
		<database>Unknown</database>
	</source>
	<size>
		<width>576</width>
		<height>324</height>
		<depth>3</depth>
	</size>
	<segmented>0</segmented>
	<object>
		<name>yogurt</name>
		<pose>Unspecified</pose>
		<truncated>1</truncated>
		<difficult>0</difficult>
		<bndbox>
			<xmin>235</xmin>
			<ymin>1</ymin>
			<xmax>369</xmax>
			<ymax>100</ymax>
		</bndbox>
	</object>
</annotation>
