<annotation>
	<folder>train</folder>
	<filename>PILAV-75.JPG</filename>
	<path>C:\tensorflow1\models\research\object_detection\images\train\PILAV-75.JPG</path>
	<source>
		<database>Unknown</database>
	</source>
	<size>
		<width>576</width>
		<height>324</height>
		<depth>3</depth>
	</size>
	<segmented>0</segmented>
	<object>
		<name>pilav</name>
		<pose>Unspecified</pose>
		<truncated>0</truncated>
		<difficult>0</difficult>
		<bndbox>
			<xmin>139</xmin>
			<ymin>79</ymin>
			<xmax>376</xmax>
			<ymax>308</ymax>
		</bndbox>
	</object>
</annotation>
