<annotation>
	<folder>train</folder>
	<filename>MEZE-161.JPG</filename>
	<path>C:\tensorflow1\models\research\object_detection\images\train\MEZE-161.JPG</path>
	<source>
		<database>Unknown</database>
	</source>
	<size>
		<width>576</width>
		<height>324</height>
		<depth>3</depth>
	</size>
	<segmented>0</segmented>
	<object>
		<name>cobansalata</name>
		<pose>Unspecified</pose>
		<truncated>0</truncated>
		<difficult>0</difficult>
		<bndbox>
			<xmin>223</xmin>
			<ymin>63</ymin>
			<xmax>391</xmax>
			<ymax>271</ymax>
		</bndbox>
	</object>
</annotation>
