<annotation>
	<folder>train</folder>
	<filename>MEZE-012.JPG</filename>
	<path>C:\tensorflow1\models\research\object_detection\images\train\MEZE-012.JPG</path>
	<source>
		<database>Unknown</database>
	</source>
	<size>
		<width>576</width>
		<height>324</height>
		<depth>3</depth>
	</size>
	<segmented>0</segmented>
	<object>
		<name>tursu</name>
		<pose>Unspecified</pose>
		<truncated>0</truncated>
		<difficult>0</difficult>
		<bndbox>
			<xmin>186</xmin>
			<ymin>80</ymin>
			<xmax>396</xmax>
			<ymax>238</ymax>
		</bndbox>
	</object>
</annotation>
